{"cameraMode":{"drawMode":0,"name":"Shaded","section":"Shading Mode"},"sceneLighting":true,"audioPlay":false,"sceneViewState":{"m_AlwaysRefresh":false,"showFog":true,"showSkybox":true,"showFlares":true,"showImageEffects":true,"showParticleSystems":true,"showVisualEffectGraphs":true,"m_FxEnabled":true},"in2DMode":false,"pivot":{"x":562.415771484375,"y":95.99707794189453,"z":747.4852905273438},"rotation":{"x":0.020538315176963807,"y":0.12773378193378449,"z":-0.0026468425057828428,"w":0.9916163086891174},"size":1.7868330478668213,"orthographic":false}