{"cameraMode":{"drawMode":0,"name":"Shaded","section":"Shading Mode"},"sceneLighting":false,"audioPlay":false,"sceneViewState":{"m_AlwaysRefresh":false,"showFog":true,"showSkybox":false,"showFlares":true,"showImageEffects":true,"showParticleSystems":true,"showVisualEffectGraphs":true,"m_FxEnabled":true},"in2DMode":false,"pivot":{"x":0.5001106262207031,"y":6.939546585083008,"z":-0.26439571380615237},"rotation":{"x":-0.000054664338676957414,"y":-0.9996442794799805,"z":0.0018084908369928599,"w":-0.026991864666342737},"size":12.53548812866211,"orthographic":false}